filename,left_sensor,top_sensor,right_sensor,position,left_name,left_liquid,left_veggie,left_meat,left_total,top_total,right_total
2020_03_02-ancient_pork-1.jpg,10,136,0,left,ancient_pork,0,14,0,14,124,0
2020_03_02-ancient_pork-2.jpg,14,132,0,left,ancient_pork,0,14,0,14,124,0
2020_03_02-ancient_pork-3.jpg,9,139,0,left,ancient_pork,0,14,0,14,124,0
2020_03_02-ancient_pork-4.jpg,11,131,0,left,ancient_pork,0,14,0,14,124,0
2020_03_02-ancient_pork-5.jpg,14,133,0,left,ancient_pork,0,14,0,14,124,0
2020_03_02-ancient_pork-6.jpg,13,130,0,left,ancient_pork,0,14,0,14,124,0
2020_03_02-ancient_pork-7.jpg,12,130,0,left,ancient_pork,0,14,0,14,124,0
2020_03_02-ancient_pork-8.jpg,14,131,0,left,ancient_pork,0,14,0,14,124,0
2020_03_02-ancient_pork-9.jpg,13,131,0,left,ancient_pork,0,14,0,14,124,0
2020_03_02-ancient_pork-10.jpg,15,129,0,left,ancient_pork,0,14,0,14,124,0
2020_03_02-ancient_pork-11.jpg,22,128,0,left,ancient_pork,0,20,0,20,124,0
2020_03_02-ancient_pork-12.jpg,21,130,0,left,ancient_pork,0,20,0,20,124,0
2020_03_02-ancient_pork-13.jpg,24,124,0,left,ancient_pork,0,20,0,20,124,0
2020_03_02-ancient_pork-14.jpg,20,132,0,left,ancient_pork,0,20,0,20,124,0
2020_03_02-ancient_pork-15.jpg,23,125,0,left,ancient_pork,0,20,0,20,124,0
2020_03_02-ancient_pork-16.jpg,24,127,0,left,ancient_pork,0,20,0,20,124,0
2020_03_02-ancient_pork-17.jpg,25,124,0,left,ancient_pork,0,20,0,20,124,0
2020_03_02-ancient_pork-18.jpg,20,127,0,left,ancient_pork,0,20,0,20,124,0
2020_03_02-ancient_pork-19.jpg,24,125,0,left,ancient_pork,0,20,0,20,124,0
2020_03_02-ancient_pork-20.jpg,24,127,0,left,ancient_pork,0,20,0,20,124,0
2020_03_02-ancient_pork-21.jpg,29,125,0,left,ancient_pork,0,25,0,25,124,0
2020_03_02-ancient_pork-22.jpg,29,132,0,left,ancient_pork,0,25,0,25,124,0
2020_03_02-ancient_pork-23.jpg,26,132,0,left,ancient_pork,0,25,0,25,124,0
2020_03_02-ancient_pork-24.jpg,27,129,0,left,ancient_pork,0,25,0,25,124,0
2020_03_02-ancient_pork-25.jpg,26,129,0,left,ancient_pork,0,25,0,25,124,0
2020_03_02-ancient_pork-26.jpg,26,132,0,left,ancient_pork,0,25,0,25,124,0
2020_03_02-ancient_pork-27.jpg,26,126,0,left,ancient_pork,0,25,0,25,124,0
2020_03_02-ancient_pork-28.jpg,24,134,0,left,ancient_pork,0,25,0,25,124,0
2020_03_02-ancient_pork-29.jpg,24,126,0,left,ancient_pork,0,25,0,25,124,0
2020_03_02-ancient_pork-30.jpg,30,127,0,left,ancient_pork,0,25,0,25,124,0
2020_03_02-ancient_pork-31.jpg,35,124,0,left,ancient_pork,0,25,6,31,124,0
2020_03_02-ancient_pork-32.jpg,33,132,0,left,ancient_pork,0,25,6,31,124,0
2020_03_02-ancient_pork-33.jpg,31,124,0,left,ancient_pork,0,25,6,31,124,0
2020_03_02-ancient_pork-34.jpg,31,123,0,left,ancient_pork,0,25,6,31,124,0
2020_03_02-ancient_pork-35.jpg,33,126,0,left,ancient_pork,0,25,6,31,124,0
2020_03_02-ancient_pork-36.jpg,29,130,0,left,ancient_pork,0,25,6,31,124,0
2020_03_02-ancient_pork-37.jpg,31,126,0,left,ancient_pork,0,25,6,31,124,0
2020_03_02-ancient_pork-38.jpg,38,124,0,left,ancient_pork,0,25,6,31,124,0
2020_03_02-ancient_pork-39.jpg,33,134,0,left,ancient_pork,0,25,6,31,124,0
2020_03_02-ancient_pork-40.jpg,35,124,0,left,ancient_pork,0,25,6,31,124,0
2020_03_02-ancient_pork-41.jpg,48,123,0,left,ancient_pork,0,25,24,49,124,0
2020_03_02-ancient_pork-42.jpg,48,134,1,left,ancient_pork,0,25,24,49,124,0
2020_03_02-ancient_pork-43.jpg,59,127,1,left,ancient_pork,0,25,24,49,124,0
2020_03_02-ancient_pork-44.jpg,50,129,0,left,ancient_pork,0,25,24,49,124,0
2020_03_02-ancient_pork-45.jpg,55,128,0,left,ancient_pork,0,25,24,49,124,0
2020_03_02-ancient_pork-46.jpg,53,123,4,left,ancient_pork,0,25,24,49,124,0
2020_03_02-ancient_pork-47.jpg,56,129,0,left,ancient_pork,0,25,24,49,124,0
2020_03_02-ancient_pork-48.jpg,47,129,0,left,ancient_pork,0,25,24,49,124,0
2020_03_02-ancient_pork-49.jpg,44,129,1,left,ancient_pork,0,25,24,49,124,0
2020_03_02-ancient_pork-50.jpg,52,130,0,left,ancient_pork,0,25,24,49,124,0
2020_03_02-ancient_pork-51.jpg,66,132,0,left,ancient_pork,16,25,24,65,124,0
2020_03_02-ancient_pork-52.jpg,64,122,10,left,ancient_pork,16,25,24,65,124,0
2020_03_02-ancient_pork-53.jpg,62,129,4,left,ancient_pork,16,25,24,65,124,0
2020_03_02-ancient_pork-54.jpg,71,126,1,left,ancient_pork,16,25,24,65,124,0
2020_03_02-ancient_pork-55.jpg,62,128,0,left,ancient_pork,16,25,24,65,124,0
2020_03_02-ancient_pork-56.jpg,61,119,12,left,ancient_pork,16,25,24,65,124,0
2020_03_02-ancient_pork-57.jpg,63,121,12,left,ancient_pork,16,25,24,65,124,0
2020_03_02-ancient_pork-58.jpg,73,128,0,left,ancient_pork,16,25,24,65,124,0
2020_03_02-ancient_pork-59.jpg,61,130,6,left,ancient_pork,16,25,24,65,124,0
2020_03_02-ancient_pork-60.jpg,67,122,4,left,ancient_pork,16,25,24,65,124,0
2020_03_02-ancient_pork-61.jpg,44,125,0,left,ancient_pork,16,25,4,45,124,0
2020_03_02-ancient_pork-62.jpg,49,121,0,left,ancient_pork,16,25,4,45,124,0
2020_03_02-ancient_pork-63.jpg,44,125,0,left,ancient_pork,16,25,4,45,124,0
2020_03_02-ancient_pork-64.jpg,44,133,0,left,ancient_pork,16,25,4,45,124,0
2020_03_02-ancient_pork-65.jpg,43,120,3,left,ancient_pork,16,25,4,45,124,0
2020_03_02-ancient_pork-66.jpg,42,134,0,left,ancient_pork,16,25,4,45,124,0
2020_03_02-ancient_pork-67.jpg,47,131,0,left,ancient_pork,16,25,4,45,124,0
2020_03_02-ancient_pork-68.jpg,41,128,4,left,ancient_pork,16,25,4,45,124,0
2020_03_02-ancient_pork-69.jpg,40,125,4,left,ancient_pork,16,25,4,45,124,0
2020_03_02-ancient_pork-70.jpg,43,129,0,left,ancient_pork,16,25,4,45,124,0
2020_03_02-ancient_pork-71.jpg,40,127,0,left,ancient_pork,16,19,4,39,124,0
2020_03_02-ancient_pork-72.jpg,43,121,0,left,ancient_pork,16,19,4,39,124,0
2020_03_02-ancient_pork-73.jpg,36,133,0,left,ancient_pork,16,19,4,39,124,0
2020_03_02-ancient_pork-74.jpg,40,120,5,left,ancient_pork,16,19,4,39,124,0
2020_03_02-ancient_pork-75.jpg,41,122,0,left,ancient_pork,16,19,4,39,124,0
2020_03_02-ancient_pork-76.jpg,42,125,0,left,ancient_pork,16,19,4,39,124,0
2020_03_02-ancient_pork-77.jpg,35,135,0,left,ancient_pork,16,19,4,39,124,0
2020_03_02-ancient_pork-78.jpg,39,124,0,left,ancient_pork,16,19,4,39,124,0
2020_03_02-ancient_pork-79.jpg,31,128,0,left,ancient_pork,16,19,4,39,124,0
2020_03_02-ancient_pork-80.jpg,37,130,0,left,ancient_pork,16,19,4,39,124,0
2020_03_02-ancient_pork-81.jpg,34,127,0,left,ancient_pork,16,14,4,34,124,0
2020_03_02-ancient_pork-82.jpg,30,130,0,left,ancient_pork,16,14,4,34,124,0
2020_03_02-ancient_pork-83.jpg,33,122,0,left,ancient_pork,16,14,4,34,124,0
2020_03_02-ancient_pork-84.jpg,31,125,0,left,ancient_pork,16,14,4,34,124,0
2020_03_02-ancient_pork-85.jpg,36,123,0,left,ancient_pork,16,14,4,34,124,0
2020_03_02-ancient_pork-86.jpg,35,124,0,left,ancient_pork,16,14,4,34,124,0
2020_03_02-ancient_pork-87.jpg,34,128,0,left,ancient_pork,16,14,4,34,124,0
2020_03_02-ancient_pork-88.jpg,33,122,1,left,ancient_pork,16,14,4,34,124,0
2020_03_02-ancient_pork-89.jpg,32,128,0,left,ancient_pork,16,14,4,34,124,0
2020_03_02-ancient_pork-90.jpg,31,132,0,left,ancient_pork,16,14,4,34,124,0
2020_03_02-ancient_pork-91.jpg,27,126,0,left,ancient_pork,16,8,4,28,124,0
2020_03_02-ancient_pork-92.jpg,28,124,0,left,ancient_pork,16,8,4,28,124,0
2020_03_02-ancient_pork-93.jpg,29,129,0,left,ancient_pork,16,8,4,28,124,0
2020_03_02-ancient_pork-94.jpg,27,128,0,left,ancient_pork,16,8,4,28,124,0
2020_03_02-ancient_pork-95.jpg,30,128,0,left,ancient_pork,16,8,4,28,124,0
2020_03_02-ancient_pork-96.jpg,25,133,0,left,ancient_pork,16,8,4,28,124,0
2020_03_02-ancient_pork-97.jpg,31,128,0,left,ancient_pork,16,8,4,28,124,0
2020_03_02-ancient_pork-98.jpg,25,130,0,left,ancient_pork,16,8,4,28,124,0
2020_03_02-ancient_pork-99.jpg,23,128,0,left,ancient_pork,16,8,4,28,124,0
2020_03_02-ancient_pork-100.jpg,29,130,0,left,ancient_pork,16,8,4,28,124,0
2020_03_02-ancient_pork-101.jpg,14,131,0,left,ancient_pork,16,0,4,20,124,0
2020_03_02-ancient_pork-102.jpg,14,128,0,left,ancient_pork,16,0,4,20,124,0
2020_03_02-ancient_pork-103.jpg,15,128,0,left,ancient_pork,16,0,4,20,124,0
2020_03_02-ancient_pork-104.jpg,13,128,0,left,ancient_pork,16,0,4,20,124,0
2020_03_02-ancient_pork-105.jpg,12,127,0,left,ancient_pork,16,0,4,20,124,0
2020_03_02-ancient_pork-106.jpg,11,130,0,left,ancient_pork,16,0,4,20,124,0
2020_03_02-ancient_pork-107.jpg,14,132,0,left,ancient_pork,16,0,4,20,124,0
2020_03_02-ancient_pork-108.jpg,10,130,0,left,ancient_pork,16,0,4,20,124,0
2020_03_02-ancient_pork-109.jpg,13,128,0,left,ancient_pork,16,0,4,20,124,0
2020_03_02-ancient_pork-110.jpg,17,130,0,left,ancient_pork,16,0,4,20,124,0
